{
  "r2": 0.673872888888889,
  "mae": 198750.0,
  "rmse": 214153.27454886137
}